City_ID,City,Country,Date,Lat,Lng,Max Temp,Humidity,Cloudiness,Wind Speed
0,Yellowknife,CA,2021-10-04 15:18:13,62.456,-114.3525,37.42,100,75,2.3
1,Barahona,DO,2021-10-04 15:18:13,18.2085,-71.1008,80.42,83,75,9.22
2,Mataura,NZ,2021-10-04 15:18:13,-46.1927,168.8643,46.47,85,42,7.49
3,Hilo,US,2021-10-04 15:17:27,19.7297,-155.09,71.8,91,75,3.44
4,Avarua,CK,2021-10-04 15:18:14,-21.2078,-159.775,73.45,73,94,4.61
5,Bredasdorp,ZA,2021-10-04 15:18:14,-34.5322,20.0403,62.28,61,1,18.07
6,Rzhev,RU,2021-10-04 15:18:14,56.2624,34.3282,46.58,76,24,6.42
7,Tasiilaq,GL,2021-10-04 15:18:15,65.6145,-37.6368,37.56,61,100,1.81
8,Ushuaia,AR,2021-10-04 15:18:15,-54.8,-68.3,44.22,65,40,27.63
9,Thompson,CA,2021-10-04 15:15:56,55.7435,-97.8558,46.56,71,75,9.22
10,Hermanus,ZA,2021-10-04 15:18:15,-34.4187,19.2345,69.91,55,4,21.16
11,Tiarei,PF,2021-10-04 15:18:16,-17.5333,-149.3333,73.42,76,52,18.77
12,Iqaluit,CA,2021-10-04 15:16:19,63.7506,-68.5145,37.13,64,75,1.99
13,Busselton,AU,2021-10-04 15:18:16,-33.65,115.3333,52.09,80,99,10.69
14,Tuktoyaktuk,CA,2021-10-04 15:18:17,69.4541,-133.0374,30.2,80,90,9.22
15,Khatanga,RU,2021-10-04 15:18:17,71.9667,102.5,29.53,96,100,19.66
16,Barrow,US,2021-10-04 15:18:17,71.2906,-156.7887,21.22,93,90,6.91
17,Hervey Bay,AU,2021-10-04 15:15:19,-25.2986,152.8535,75.04,91,9,10.67
18,Quelimane,MZ,2021-10-04 15:18:18,-17.8786,36.8883,80.55,74,40,13.8
19,Ponta Do Sol,PT,2021-10-04 15:16:39,32.6667,-17.1,76.12,57,76,5.91
20,Nikolskoye,RU,2021-10-04 15:18:18,59.7035,30.7861,54.39,71,0,9.64
21,Atuona,PF,2021-10-04 15:18:18,-9.8,-139.0333,76.93,77,41,19.55
22,Laguna,US,2021-10-04 15:18:19,38.421,-121.4238,75.04,63,1,0.0
23,Jamestown,US,2021-10-04 15:15:20,42.097,-79.2353,70.02,93,90,1.01
24,Longyearbyen,SJ,2021-10-04 15:18:19,78.2186,15.6401,42.64,75,75,14.97
25,Rikitea,PF,2021-10-04 15:18:19,-23.1203,-134.9692,73.4,70,87,19.66
26,Airai,TL,2021-10-04 15:18:20,-8.9266,125.4092,61.11,89,59,1.74
27,Jabinyanah,TN,2021-10-04 15:18:20,35.035,10.9081,85.8,60,22,14.23
28,Dikson,RU,2021-10-04 15:18:20,73.5069,80.5464,35.55,94,100,8.81
29,Port-Gentil,GA,2021-10-04 15:18:21,-0.7193,8.7815,84.16,70,20,14.97
30,Chokurdakh,RU,2021-10-04 15:18:21,70.6333,147.9167,21.7,94,100,10.85
31,Labuhan,ID,2021-10-04 15:18:21,-6.8844,112.2051,79.03,76,100,9.95
32,Kapaa,US,2021-10-04 15:18:21,22.0752,-159.319,75.52,83,90,1.01
33,Guerrero Negro,MX,2021-10-04 15:18:22,27.9769,-114.0611,73.26,68,73,9.71
34,Meulaboh,ID,2021-10-04 15:18:22,4.1363,96.1285,78.39,78,58,2.24
35,Qaanaaq,GL,2021-10-04 15:18:22,77.484,-69.3632,25.83,72,100,6.87
36,Chuy,UY,2021-10-04 15:15:49,-33.6971,-53.4616,59.7,49,4,10.18
37,Albany,US,2021-10-04 15:14:51,42.6001,-73.9662,61.81,95,100,4.0
38,Sinnamary,GF,2021-10-04 15:18:23,5.3833,-52.95,87.66,57,92,11.18
39,Mangaldai,IN,2021-10-04 15:18:23,26.4333,92.0333,78.71,93,27,5.86
40,Grand-Lahou,CI,2021-10-04 15:15:16,5.1367,-5.0242,82.42,73,32,7.56
41,Grand Gaube,MU,2021-10-04 15:18:24,-20.0064,57.6608,72.37,76,73,4.0
42,Platteville,US,2021-10-04 15:18:24,42.7342,-90.4785,65.46,100,90,8.05
43,Kawanoe,JP,2021-10-04 15:18:24,34.0167,133.5667,67.57,84,37,6.73
44,Bluff,NZ,2021-10-04 15:18:25,-46.6,168.3333,46.8,83,49,14.7
45,Kodiak,US,2021-10-04 15:18:25,57.79,-152.4072,29.71,86,1,4.61
46,Ribeira Grande,PT,2021-10-04 15:18:25,38.5167,-28.7,73.8,83,40,5.75
47,Pingdu,CN,2021-10-04 15:18:26,36.7844,119.9464,68.99,86,100,10.13
48,Antofagasta,CL,2021-10-04 15:16:56,-23.65,-70.4,60.08,66,48,9.22
49,Rocha,UY,2021-10-04 15:18:26,-34.4833,-54.3333,59.54,48,4,12.21
50,Rio Verde De Mato Grosso,BR,2021-10-04 15:18:26,-18.9181,-54.8442,95.0,38,10,11.9
51,Puerto Ayora,EC,2021-10-04 15:18:27,-0.7393,-90.3518,72.55,82,63,7.0
52,Lormi,IN,2021-10-04 15:18:27,22.2833,81.7333,76.24,88,43,3.18
53,Los Llanos De Aridane,ES,2021-10-04 15:18:27,28.6585,-17.9182,73.15,78,75,13.8
54,Fayaoue,NC,2021-10-04 15:18:28,-20.65,166.5333,74.08,87,32,16.89
55,Kaitangata,NZ,2021-10-04 15:18:28,-46.2817,169.8464,48.38,93,100,14.16
56,Leshukonskoye,RU,2021-10-04 15:18:28,64.8989,45.7622,44.85,86,20,7.18
57,Manacapuru,BR,2021-10-04 15:18:28,-3.2997,-60.6206,90.18,53,98,4.07
58,Sobolevo,RU,2021-10-04 15:18:29,54.4299,31.8996,49.69,76,12,8.08
59,Carnarvon,AU,2021-10-04 15:18:29,-24.8667,113.6333,64.47,68,0,23.02
60,Hofn,IS,2021-10-04 15:18:29,64.2539,-15.2082,44.62,57,0,27.63
61,Hobyo,SO,2021-10-04 15:18:30,5.3505,48.5268,79.41,83,80,20.47
62,Nioro,GM,2021-10-04 15:18:10,13.35,-15.75,92.91,55,93,2.59
63,Dingle,PH,2021-10-04 15:15:04,10.9995,122.6711,75.9,95,100,3.62
64,Port Lincoln,AU,2021-10-04 15:18:30,-34.7333,135.8667,54.28,73,59,11.21
65,Arraial Do Cabo,BR,2021-10-04 15:18:31,-22.9661,-42.0278,89.56,62,0,3.44
66,Tuatapere,NZ,2021-10-04 15:17:50,-46.1333,167.6833,46.81,95,63,4.45
67,Caravelas,BR,2021-10-04 15:17:27,-17.7125,-39.2481,85.23,54,9,13.2
68,Georgetown,MY,2021-10-04 15:18:31,5.4112,100.3354,84.15,82,20,0.0
69,Hithadhoo,MV,2021-10-04 15:18:31,-0.6,73.0833,84.09,75,7,17.94
70,Clarence Town,AU,2021-10-04 15:18:32,-32.5833,151.7833,64.85,48,0,12.12
71,Bambous Virieux,MU,2021-10-04 15:18:32,-20.3428,57.7575,72.21,78,40,5.75
72,Geraldton,AU,2021-10-04 15:18:32,-28.7667,114.6,52.21,87,7,5.75
73,Alice Springs,AU,2021-10-04 15:18:33,-23.7,133.8833,62.15,27,0,6.91
74,Baiyin,CN,2021-10-04 15:18:33,36.5583,104.2081,49.08,74,100,2.35
75,Makinsk,KZ,2021-10-04 15:18:33,52.6292,70.4169,27.84,90,83,12.73
76,Ranong,TH,2021-10-04 15:18:34,9.9658,98.6348,80.44,83,100,5.37
77,Sao Luis De Montes Belos,BR,2021-10-04 15:18:34,-16.525,-50.3722,98.62,26,91,4.94
78,Upata,VE,2021-10-04 15:18:34,8.0086,-62.3989,84.87,57,37,8.08
79,Seydi,TM,2021-10-04 15:18:35,39.4816,62.9137,59.47,22,1,11.79
80,Garowe,SO,2021-10-04 15:18:35,8.4054,48.4845,88.09,43,100,15.5
81,Sarangani,PH,2021-10-04 15:18:35,5.4033,125.4636,80.98,76,100,18.16
82,Batagay,RU,2021-10-04 15:15:19,67.6333,134.6333,22.01,84,73,3.51
83,Castro,BR,2021-10-04 15:18:36,-24.7911,-50.0119,65.66,95,100,4.68
84,Hurricane,US,2021-10-04 15:18:36,37.1753,-113.2899,68.34,34,22,5.19
85,Cherskiy,RU,2021-10-04 15:18:36,68.75,161.3,18.01,99,93,7.63
86,Cape Town,ZA,2021-10-04 15:17:58,-33.9258,18.4232,73.11,40,0,5.99
87,Beringovskiy,RU,2021-10-04 15:18:37,63.05,179.3167,39.33,98,100,19.95
88,Rodrigues Alves,BR,2021-10-04 15:18:37,-7.738,-72.6509,89.8,48,98,3.09
89,Cheney,US,2021-10-04 15:16:38,47.4874,-117.5758,50.63,81,75,8.05
90,Provideniya,RU,2021-10-04 15:18:38,64.3833,-173.3,35.49,99,100,10.29
91,Vaini,TO,2021-10-04 15:18:38,-21.2,-175.2,75.36,88,75,6.91
92,Vila Franca Do Campo,PT,2021-10-04 15:18:38,37.7167,-25.4333,73.81,78,100,6.42
93,San Patricio,US,2021-10-04 15:18:39,28.017,-97.5169,84.29,71,98,8.32
94,East London,ZA,2021-10-04 15:18:39,-33.0153,27.9116,56.34,88,20,5.75
95,Kavieng,PG,2021-10-04 15:18:39,-2.5744,150.7967,81.32,75,91,1.21
96,Pevek,RU,2021-10-04 15:18:39,69.7008,170.3133,26.8,88,98,11.3
97,Dudinka,RU,2021-10-04 15:18:40,69.4058,86.1778,30.97,98,100,14.5
98,Aykhal,RU,2021-10-04 15:18:40,66.0,111.5,26.42,91,89,8.14
99,Lata,PT,2021-10-04 15:18:40,40.1629,-8.3327,71.08,51,87,8.43
100,Komsomolskiy,UZ,2021-10-04 15:17:35,40.4272,71.7189,57.92,58,7,0.0
101,Chunhuhub,MX,2021-10-04 15:18:41,19.55,-88.6833,81.55,77,85,3.4
102,Neiafu,TO,2021-10-04 15:17:07,-18.65,-173.9833,74.08,94,75,10.36
103,Ballina,AU,2021-10-04 15:18:41,-28.8667,153.5667,66.38,45,0,13.47
104,Punta Arenas,CL,2021-10-04 15:16:59,-53.15,-70.9167,46.51,57,40,28.77
105,Brookings,US,2021-10-04 15:15:34,44.3114,-96.7984,68.38,82,1,0.0
106,Vao,NC,2021-10-04 15:18:42,-22.6667,167.4833,69.93,84,0,12.03
107,Georgiyevskoye,RU,2021-10-04 15:18:42,58.731,45.024,44.83,83,100,4.79
108,Palmer,US,2021-10-04 15:18:42,42.1584,-72.3287,60.48,84,90,1.99
109,Newcastle,AU,2021-10-04 15:14:59,-32.9272,151.7765,64.71,50,0,1.01
110,Zyryanovsk,KZ,2021-10-04 15:18:43,49.7386,84.2719,38.5,88,100,3.24
111,Sao Filipe,CV,2021-10-04 15:18:43,14.8961,-24.4956,82.35,75,21,6.69
112,Port Elizabeth,ZA,2021-10-04 15:18:43,-33.918,25.5701,60.1,72,20,11.5
113,Asau,RO,2021-10-04 15:18:44,46.4333,26.4,61.75,56,95,4.27
114,Siguiri,GN,2021-10-04 15:18:44,11.6667,-9.5,91.92,45,97,4.72
115,Owando,CG,2021-10-04 15:18:44,-0.4819,15.8999,85.06,59,44,3.94
116,Fortuna,US,2021-10-04 15:18:45,40.5982,-124.1573,50.36,60,90,0.0
117,Port Macquarie,AU,2021-10-04 15:18:45,-31.4333,152.9167,60.76,47,1,6.15
118,Hobart,AU,2021-10-04 15:18:45,-42.8794,147.3294,49.86,86,40,1.01
119,Upernavik,GL,2021-10-04 15:18:10,72.7868,-56.1549,30.07,75,44,5.17
120,Bajil,YE,2021-10-04 15:18:46,15.0584,43.2851,90.86,51,89,9.06
121,Anchorage,US,2021-10-04 15:13:49,61.2181,-149.9003,33.19,83,1,4.0
122,Karratha,AU,2021-10-04 15:18:46,-20.7377,116.8463,72.63,64,0,12.97
123,Hastings,GB,2021-10-04 15:18:46,50.8552,0.5729,61.92,81,66,15.3
124,Klaksvik,FO,2021-10-04 15:18:47,62.2266,-6.589,49.12,87,100,27.89
125,Novaya Zaimka,RU,2021-10-04 15:18:47,56.4857,66.9241,31.28,79,97,9.93
126,Yar-Sale,RU,2021-10-04 15:18:47,66.8333,70.8333,35.35,93,100,14.76
127,Ndioum,SN,2021-10-04 15:18:47,16.5129,-14.6471,103.62,18,30,7.36
128,Tungor,RU,2021-10-04 15:18:48,53.3808,142.9564,42.55,60,100,18.28
129,Port Alfred,ZA,2021-10-04 15:18:48,-33.5906,26.891,59.97,70,56,12.84
130,Shimoda,JP,2021-10-04 15:18:48,34.6667,138.95,66.11,79,14,7.72
131,Sharya,RU,2021-10-04 15:18:49,58.3686,45.5144,45.09,73,100,3.42
132,Saskylakh,RU,2021-10-04 15:18:49,71.9167,114.0833,25.66,89,100,15.64
133,Pochutla,MX,2021-10-04 15:18:49,15.7432,-96.4661,86.83,66,83,1.43
134,Dhankuta,NP,2021-10-04 15:18:50,26.9833,87.3333,64.81,92,27,0.83
135,Luebo,CD,2021-10-04 15:18:50,-5.35,21.4167,83.57,57,91,2.82
136,Garmsar,IR,2021-10-04 15:18:51,35.2182,52.3409,79.3,23,0,6.87
137,Challans,FR,2021-10-04 15:18:51,46.8436,-1.8749,66.4,78,41,5.99
138,Maridi,SS,2021-10-04 15:15:39,4.9158,29.4742,73.49,87,70,5.97
139,Makaha,US,2021-10-04 15:18:51,21.4694,-158.2175,76.05,74,68,8.57
140,Coihaique,CL,2021-10-04 15:16:23,-45.5752,-72.0662,49.95,62,75,3.44
141,Cidreira,BR,2021-10-04 15:18:52,-30.1811,-50.2056,62.85,59,100,8.66
142,Schotten,DE,2021-10-04 15:18:52,50.5,9.1333,59.81,81,100,7.11
143,Turukhansk,RU,2021-10-04 15:18:53,65.8167,87.9833,29.53,82,100,5.32
144,Mahebourg,MU,2021-10-04 15:15:46,-20.4081,57.7,72.25,78,40,5.75
145,Pisco,PE,2021-10-04 15:18:53,-13.7,-76.2167,65.01,72,0,9.22
146,Namibe,AO,2021-10-04 15:18:53,-15.1961,12.1522,69.71,65,4,13.4
147,Pangnirtung,CA,2021-10-04 15:18:54,66.1451,-65.7125,33.8,86,75,2.3
148,Eyl,SO,2021-10-04 15:18:54,7.9803,49.8164,80.44,78,78,20.83
149,Saint-Philippe,RE,2021-10-04 15:18:55,-21.3585,55.7679,73.22,85,84,9.95
150,Guanare,VE,2021-10-04 15:18:55,9.0418,-69.7421,80.73,83,99,5.57
151,Port Blair,IN,2021-10-04 15:18:55,11.6667,92.75,80.33,85,23,8.81
152,Luderitz,NA,2021-10-04 15:18:55,-26.6481,15.1594,64.81,54,0,6.13
153,Belmonte,BR,2021-10-04 15:18:56,-15.8631,-38.8828,86.5,60,27,12.24
154,Samarai,PG,2021-10-04 15:18:56,-10.6167,150.6667,79.57,82,88,10.89
155,Butaritari,KI,2021-10-04 15:18:56,3.0707,172.7902,82.26,69,86,13.58
156,Saldanha,ZA,2021-10-04 15:18:57,-33.0117,17.9442,62.71,56,43,18.32
157,Anito,PH,2021-10-04 15:18:57,12.4497,125.2886,79.0,91,100,8.37
158,Maymyo,MM,2021-10-04 15:18:57,22.0333,96.4667,67.12,93,8,1.21
159,Dongobesh,TZ,2021-10-04 15:18:58,-4.0667,35.3833,67.93,47,98,1.7
160,Sur,OM,2021-10-04 15:18:58,22.5667,59.5289,85.37,67,28,4.65
161,Teya,RU,2021-10-04 15:18:58,60.3778,92.6267,33.01,91,100,1.97
162,Clyde River,CA,2021-10-04 15:18:59,70.4692,-68.5914,35.83,93,75,4.61
163,Raudeberg,NO,2021-10-04 15:18:59,61.9875,5.1352,56.19,78,19,30.06
164,Makakilo City,US,2021-10-04 15:18:59,21.3469,-158.0858,74.68,75,40,5.75
165,Itacare,BR,2021-10-04 15:19:00,-14.2775,-38.9967,85.89,58,24,10.36
166,New Norfolk,AU,2021-10-04 15:19:00,-42.7826,147.0587,49.5,71,20,2.1
167,Sanmenxia,CN,2021-10-04 15:19:00,34.7747,111.1814,59.04,94,100,4.0
168,Uruacu,BR,2021-10-04 15:19:01,-14.5247,-49.1408,97.86,27,50,6.8
169,Westport,US,2021-10-04 15:14:04,41.1415,-73.3579,70.79,93,90,8.99
170,Itaquaquecetuba,BR,2021-10-04 15:14:42,-23.4861,-46.3483,78.46,69,75,5.75
171,Krasnoselkup,RU,2021-10-04 15:17:43,65.7,82.4667,31.93,91,100,10.04
172,Gat,IL,2021-10-04 15:13:04,31.61,34.7642,79.48,50,0,11.97
173,Ancud,CL,2021-10-04 15:16:41,-41.8697,-73.8203,51.33,63,87,5.68
174,Bourail,NC,2021-10-04 15:19:02,-21.5667,165.4833,70.79,85,0,3.13
175,Zhenlai,CN,2021-10-04 15:18:39,45.8495,123.2973,48.94,52,100,5.5
176,Magdagachi,RU,2021-10-04 15:19:02,53.45,125.8,30.47,79,32,3.67
177,Tucuman,AR,2021-10-04 15:19:02,-26.8241,-65.2226,66.2,42,2,6.91
178,Cervo,ES,2021-10-04 15:19:03,43.6702,-7.4101,65.97,66,83,12.33
179,Dukat,RU,2021-10-04 15:19:03,62.55,155.55,16.9,94,100,6.38
180,Ostrovnoy,RU,2021-10-04 15:19:03,68.0531,39.5131,47.61,76,97,31.52
181,Koungheul,SN,2021-10-04 15:19:04,13.9833,-14.8,94.98,48,96,3.71
182,Ambovombe,MG,2021-10-04 15:19:04,-25.1667,46.0833,72.09,89,90,11.48
183,Gayeri,BF,2021-10-04 15:19:04,12.6497,0.4931,95.38,33,60,7.87
184,Ishigaki,JP,2021-10-04 15:19:05,24.3448,124.1572,82.78,66,0,21.81
185,Thaton,MM,2021-10-04 15:19:05,16.9206,97.3714,78.98,87,28,3.22
186,Saint-Pierre,RE,2021-10-04 15:19:06,-21.3393,55.4781,73.29,77,90,9.22
187,Fairbanks,US,2021-10-04 15:19:06,64.8378,-147.7164,31.6,95,90,0.0
188,Salalah,OM,2021-10-04 15:19:06,17.0151,54.0924,80.69,89,75,10.36
189,Peace River,CA,2021-10-04 15:15:36,56.2501,-117.286,36.66,75,75,6.91
190,Katsuura,JP,2021-10-04 15:19:07,35.1333,140.3,76.1,75,21,12.8
191,Bakaly,RU,2021-10-04 15:19:07,55.1789,53.8028,36.93,57,9,6.53
192,Aktash,RU,2021-10-04 15:19:07,50.3,87.7333,17.38,75,75,4.29
193,Touros,BR,2021-10-04 15:19:08,-5.1989,-35.4608,88.7,55,2,17.43
194,Saint Anthony,US,2021-10-04 15:14:13,45.0205,-93.218,59.25,93,90,4.61
195,Malpe,IN,2021-10-04 15:19:08,13.35,74.7167,78.1,87,93,3.0
196,Perepravnaya,RU,2021-10-04 15:19:09,44.3366,40.7849,47.3,93,100,9.71
197,Yulara,AU,2021-10-04 15:19:09,-25.2406,130.9889,64.24,25,0,6.91
198,Naze,JP,2021-10-04 15:19:09,28.3667,129.4833,76.96,78,19,19.93
199,Vostok,RU,2021-10-04 15:19:09,46.4856,135.8833,37.42,86,100,2.98
200,Ostrov,RU,2021-10-04 15:19:10,57.3439,28.3537,56.93,59,0,10.6
201,Brus Laguna,HN,2021-10-04 15:19:10,15.75,-84.4833,81.7,83,82,2.48
202,Panama City,PA,2021-10-04 15:15:07,8.9936,-79.5197,88.18,69,20,1.99
203,Bayangol,RU,2021-10-04 15:19:11,50.6977,103.4656,26.44,76,11,1.59
204,Acapulco,MX,2021-10-04 15:19:11,16.8634,-99.8901,80.42,78,75,4.61
205,Poum,NC,2021-10-04 15:19:11,-20.2333,164.0167,74.82,81,0,4.85
206,Port Moresby,PG,2021-10-04 15:19:12,-9.4431,147.1797,75.69,91,36,8.55
207,Dzhebariki-Khaya,RU,2021-10-04 15:19:12,62.2167,135.8,27.52,84,22,2.37
208,Antalaha,MG,2021-10-04 15:19:12,-14.9003,50.2788,72.75,85,51,8.43
209,Kununurra,AU,2021-10-04 15:19:12,-15.7667,128.7333,76.98,65,32,8.05
210,Babstovo,RU,2021-10-04 15:19:13,48.1167,132.4833,38.03,71,0,5.84
211,Deputatskiy,RU,2021-10-04 15:19:13,69.3,139.9,16.47,86,100,8.08
212,Mawlaik,MM,2021-10-04 15:19:13,23.6333,94.4167,76.84,95,92,0.83
213,Kidal,ML,2021-10-04 15:19:14,18.4411,1.4078,101.21,9,6,14.2
214,Nyurba,RU,2021-10-04 15:19:14,63.2842,118.3319,34.77,77,100,6.93
215,Gizo,SB,2021-10-04 15:19:14,-8.103,156.8419,81.37,81,91,9.82
216,Nanortalik,GL,2021-10-04 15:19:15,60.1432,-45.2371,39.15,81,12,10.98
217,Buin,CL,2021-10-04 15:19:15,-33.7333,-70.75,75.06,22,0,3.22
218,Taltal,CL,2021-10-04 15:19:15,-25.4,-70.4833,62.96,65,0,6.33
219,San Andres,CO,2021-10-04 15:15:38,12.5847,-81.7006,86.02,79,75,8.05
220,Ikom,NG,2021-10-04 15:19:16,5.9667,8.7063,84.16,75,58,5.88
221,Tessalit,ML,2021-10-04 15:19:16,20.1986,1.0114,101.08,7,2,11.9
222,Alyangula,AU,2021-10-04 15:19:17,-13.8483,136.4192,79.36,80,48,11.54
223,Cap-Aux-Meules,CA,2021-10-04 15:17:00,47.3821,-61.8597,53.65,66,40,20.71
224,Honningsvag,NO,2021-10-04 15:19:17,70.9821,25.9704,56.73,76,75,19.57
225,Serov,RU,2021-10-04 15:19:17,59.6033,60.5787,30.0,75,11,2.3
226,Bengkulu,ID,2021-10-04 15:19:18,-3.8004,102.2655,77.14,89,96,6.08
227,Hasaki,JP,2021-10-04 15:19:18,35.7333,140.8333,70.09,78,9,14.16
228,Marystown,CA,2021-10-04 15:19:18,47.1666,-55.1483,56.86,100,100,7.0
229,Opuwo,NA,2021-10-04 15:19:19,-18.0607,13.84,89.64,14,8,18.37
230,Lagoa,PT,2021-10-04 15:19:19,39.05,-27.9833,70.95,84,100,9.17
231,Ranot,TH,2021-10-04 15:19:20,7.7777,100.3213,78.84,85,99,11.5
232,Matamoros,MX,2021-10-04 15:19:20,25.5333,-103.25,69.91,83,75,0.0
233,Mar Del Plata,AR,2021-10-04 15:19:10,-38.0023,-57.5575,64.42,62,20,8.99
234,Yinchuan,CN,2021-10-04 15:19:20,38.4681,106.2731,52.92,46,100,3.31
235,Sabang,ID,2021-10-04 15:19:21,5.8933,95.3214,82.96,72,46,17.69
236,Maragogi,BR,2021-10-04 15:19:21,-9.0122,-35.2225,81.73,63,15,12.17
237,Youkounkoun,GN,2021-10-04 15:19:21,12.5333,-13.1333,92.32,53,90,2.68
238,Hami,CN,2021-10-04 15:19:22,42.8,93.45,58.71,15,99,4.99
239,San Vicente,AR,2021-10-04 15:19:22,-26.6167,-54.1333,57.45,92,100,4.59
240,College,US,2021-10-04 15:19:22,64.8569,-147.8028,31.59,95,90,0.0
241,Ayr,GB,2021-10-04 15:19:23,55.4627,-4.6339,57.2,82,85,12.73
242,Roma,US,2021-10-04 15:15:43,43.2128,-75.4557,65.12,96,90,8.05
243,Hudson Bay,CA,2021-10-04 15:19:23,52.85,-102.3842,51.69,44,16,6.89
244,Alto Araguaia,BR,2021-10-04 15:19:24,-17.3147,-53.2153,92.46,30,99,7.63
245,Vyartsilya,RU,2021-10-04 15:19:24,62.1764,30.693,47.41,80,7,12.01
246,Lebu,CL,2021-10-04 15:19:24,-37.6167,-73.65,52.72,64,1,20.24
247,Warrington,GB,2021-10-04 15:18:25,53.3925,-2.5802,58.44,77,75,1.99
248,Campoverde,PE,2021-10-04 15:19:25,-8.4753,-74.8058,85.69,44,95,0.78
249,Dmitriyevskoye,RU,2021-10-04 15:19:25,45.8053,41.8967,49.19,78,100,16.42
250,Betare Oya,CM,2021-10-04 15:19:25,5.6,14.0833,72.99,91,99,6.04
251,Mansa,IN,2021-10-04 15:19:26,29.9833,75.3833,88.05,45,33,5.03
252,Neijiang,CN,2021-10-04 15:19:26,29.5835,105.0622,67.68,90,100,9.62
253,Guanica,PR,2021-10-04 15:19:26,17.9716,-66.908,88.97,67,87,11.99
254,Torbay,CA,2021-10-04 15:19:27,47.6666,-52.7314,51.28,86,90,14.97
255,Cururupu,BR,2021-10-04 15:19:27,-1.8283,-44.8683,88.54,57,89,9.24
256,Los Banos,PH,2021-10-04 15:19:27,14.1667,121.1833,81.09,89,100,8.55
257,Pereira Barreto,BR,2021-10-04 15:19:27,-20.6383,-51.1092,93.07,39,63,7.27
258,Wanning,CN,2021-10-04 15:19:28,18.8003,110.3967,79.72,89,37,8.81
259,Hanmer Springs,NZ,2021-10-04 15:19:28,-42.5167,172.8167,45.27,98,100,1.74
260,Baykit,RU,2021-10-04 15:19:28,61.67,96.37,33.24,94,100,2.15
261,North Bend,US,2021-10-04 15:19:29,43.4065,-124.2243,52.92,99,90,3.44
262,Puerto Escondido,MX,2021-10-04 15:19:29,15.85,-97.0667,83.23,74,40,4.61
263,Oktyabrskoye,RU,2021-10-04 15:19:29,43.0645,44.7417,46.54,93,90,6.71
264,Nenjiang,CN,2021-10-04 15:19:30,49.1833,125.2167,40.78,70,4,3.8
265,Bubaque,GW,2021-10-04 15:19:30,11.2833,-15.8333,82.94,74,100,7.0
266,Cozumel,MX,2021-10-04 15:19:30,20.5083,-86.9458,86.11,82,40,3.0
267,Tigil,RU,2021-10-04 15:19:31,57.8,158.6667,36.64,97,100,19.33
268,Goderich,CA,2021-10-04 15:18:52,43.7501,-81.7165,64.72,82,100,13.8
269,Agogo,GH,2021-10-04 15:19:31,6.8,-1.0819,81.16,81,59,3.15
270,Severo-Kurilsk,RU,2021-10-04 15:19:31,50.6789,156.125,46.26,86,35,12.21
271,Saint George,US,2021-10-04 15:16:59,37.1041,-113.5841,70.27,39,1,3.44
272,Shiyan,CN,2021-10-04 15:19:32,32.6475,110.7781,67.51,89,79,8.77
273,Sitka,US,2021-10-04 15:18:18,57.0531,-135.33,35.49,87,1,0.0
274,Rundu,NA,2021-10-04 15:19:32,-17.9333,19.7667,94.93,8,2,2.37
275,Cabo San Lucas,MX,2021-10-04 15:19:33,22.8909,-109.9124,84.51,72,20,3.44
276,Faanui,PF,2021-10-04 15:17:15,-16.4833,-151.75,77.68,75,15,12.77
277,Padang,ID,2021-10-04 15:19:33,-0.9492,100.3543,77.05,84,100,2.8
278,Bogande,BF,2021-10-04 15:19:34,12.9714,-0.1436,97.27,29,57,7.14
279,Redmond,US,2021-10-04 15:19:34,47.674,-122.1215,54.3,85,100,1.01
280,Miyako,JP,2021-10-04 15:19:34,39.6367,141.9525,68.02,71,100,6.6
281,Praia Da Vitoria,PT,2021-10-04 15:17:45,38.7333,-27.0667,77.25,73,20,6.26
282,Svarstad,NO,2021-10-04 15:19:35,59.399,9.9698,59.7,54,100,1.01
283,Talnakh,RU,2021-10-04 15:16:03,69.4865,88.3972,28.09,97,100,9.8
284,Bitung,ID,2021-10-04 15:19:34,1.4451,125.1824,77.85,82,96,6.87
285,Tiksi,RU,2021-10-04 15:19:35,71.6872,128.8694,24.91,83,100,27.16
286,Verkhoyansk,RU,2021-10-04 15:19:35,67.5447,133.385,22.89,82,43,3.62
287,Awjilah,LY,2021-10-04 15:19:36,29.1081,21.2869,84.85,28,0,14.18
288,Serebryansk,KZ,2021-10-04 15:19:36,49.6925,83.2892,40.55,98,100,4.88
289,Kaeo,NZ,2021-10-04 15:19:36,-35.1,173.7833,55.33,97,56,3.74
290,Coahuayana,MX,2021-10-04 15:19:37,18.7333,-103.6833,80.08,82,91,1.99
291,Ixtapa,MX,2021-10-04 15:19:37,20.7,-105.2,83.23,78,90,3.44
292,Atambua,ID,2021-10-04 15:19:37,-9.1061,124.8925,74.3,84,54,4.0
293,Pelym,RU,2021-10-04 15:19:38,61.0108,61.9978,32.04,72,46,3.83
294,Flinders,AU,2021-10-04 15:19:38,-34.5833,150.8552,61.21,59,2,11.01
295,Husavik,IS,2021-10-04 15:16:22,66.0449,-17.3389,40.91,97,100,12.37
296,Nanlong,CN,2021-10-04 15:19:38,31.3533,106.0631,63.81,86,100,13.04
297,Anloga,GH,2021-10-04 15:19:39,5.7947,0.8973,82.81,74,81,9.82
298,Buraydah,SA,2021-10-04 15:19:39,26.326,43.975,97.25,9,0,7.23
299,Coquimbo,CL,2021-10-04 15:16:04,-29.9533,-71.3436,58.73,77,20,16.11
300,Petrozavodsk,RU,2021-10-04 15:19:39,61.7849,34.3469,47.66,76,0,2.24
301,Tiznit,MA,2021-10-04 15:19:40,29.5833,-9.5,79.79,39,97,9.48
302,Williams Lake,CA,2021-10-04 15:19:40,52.1415,-122.1445,35.17,69,90,3.44
303,Kibiti,TZ,2021-10-04 15:19:41,-7.7218,38.9375,79.14,58,52,10.18
304,Harboore,DK,2021-10-04 15:19:41,56.6175,8.1807,60.1,82,36,22.3
305,Bethel,US,2021-10-04 15:19:41,41.3712,-73.414,66.04,93,90,1.99
306,Bilma,NE,2021-10-04 15:19:42,18.6853,12.9164,99.37,11,0,6.85
307,Codrington,AU,2021-10-04 15:19:42,-38.2667,141.9667,50.16,75,67,25.9
308,Kruisfontein,ZA,2021-10-04 15:19:42,-34.0033,24.7314,57.88,60,41,8.66
309,Dong Hoi,VN,2021-10-04 15:19:42,17.4833,106.6,79.81,83,97,4.21
310,Novobiryusinskiy,RU,2021-10-04 15:19:43,56.9578,97.7076,31.51,69,61,3.4
311,Kimbe,PG,2021-10-04 15:19:43,-5.5502,150.1429,75.67,91,100,3.42
312,El Cobre,CU,2021-10-04 15:19:43,20.0489,-75.9469,81.84,74,40,10.36
313,Nouakchott,MR,2021-10-04 15:19:44,18.0858,-15.9785,109.33,48,0,7.9
314,Chiang Khong,TH,2021-10-04 15:19:44,20.2613,100.4046,77.32,89,90,1.61
315,Maun,BW,2021-10-04 15:19:45,-19.9833,23.4167,94.6,8,3,3.51
316,Oxbow,CA,2021-10-04 15:19:45,49.2333,-102.1676,59.65,51,8,7.29
317,Nome,US,2021-10-04 15:19:45,64.5011,-165.4064,35.67,76,90,17.27
318,Kenai,US,2021-10-04 15:19:46,60.5544,-151.2583,23.05,93,1,0.0
319,Constitucion,CL,2021-10-04 15:19:46,-35.3333,-72.4167,58.3,51,0,10.45
320,Wencheng,CN,2021-10-04 15:19:46,33.0559,113.7978,60.35,83,100,15.64
321,Saint-Francois,FR,2021-10-04 15:19:47,46.4154,3.9054,60.67,63,0,1.14
322,Miraflores,MX,2021-10-04 15:19:47,19.2167,-98.8083,63.25,78,97,3.67
323,Sept-Iles,CA,2021-10-04 15:15:02,50.2001,-66.3821,53.06,59,27,4.0
324,Carutapera,BR,2021-10-04 15:19:48,-1.195,-46.02,88.72,55,100,12.12
325,Quatre Cocos,MU,2021-10-04 15:19:48,-20.2078,57.7625,72.09,78,81,9.86
326,Kuryk,KZ,2021-10-04 15:19:48,43.2,51.65,52.21,68,100,21.45
327,Uruzgan,AF,2021-10-04 15:19:48,32.8333,66.0,63.52,18,0,3.38
328,Hamilton,US,2021-10-04 15:14:59,39.1834,-84.5333,70.03,90,75,1.01
329,Ilulissat,GL,2021-10-04 15:19:49,69.2167,-51.1,30.22,64,40,3.44
330,Pauini,BR,2021-10-04 15:19:49,-7.7136,-66.9764,94.6,45,92,3.89
331,Souillac,MU,2021-10-04 15:19:49,-20.5167,57.5167,72.36,78,40,5.75
332,Sayla,IN,2021-10-04 15:19:50,22.55,71.4667,83.12,72,20,8.5
333,Faya,SA,2021-10-04 15:19:50,18.3851,42.4509,71.71,55,83,5.03
334,Pangkalanbuun,ID,2021-10-04 15:19:50,-2.6833,111.6167,74.48,92,91,2.46
335,Alamos,MX,2021-10-04 15:19:51,27.0167,-108.9333,78.98,59,78,1.21
336,Nara,JP,2021-10-04 15:19:51,34.6851,135.8049,75.49,70,64,1.57
337,Thionville,FR,2021-10-04 15:19:51,49.3333,6.3333,62.69,70,100,7.94
338,Nabire,ID,2021-10-04 15:19:52,-3.3667,135.4833,75.76,93,100,3.47
339,Lhokseumawe,ID,2021-10-04 15:19:52,5.1801,97.1507,79.66,85,96,4.81
340,Half Moon Bay,US,2021-10-04 15:19:52,37.4636,-122.4286,71.49,69,1,0.0
341,Santa Cruz Del Sur,CU,2021-10-04 15:19:53,20.7147,-77.9956,82.98,70,5,10.78
342,Ishinomaki,JP,2021-10-04 15:19:53,38.4167,141.3,67.42,82,98,5.08
343,Bowen,AU,2021-10-04 15:19:53,-20.0167,148.2333,74.28,94,57,4.56
344,Zyryanskoye,RU,2021-10-04 15:19:54,56.8306,86.6258,35.06,82,100,7.85
345,Tommot,RU,2021-10-04 15:19:54,58.9564,126.2925,30.16,91,100,2.53
346,Inhambane,MZ,2021-10-04 15:19:54,-23.865,35.3833,73.38,94,75,4.61
347,Qasigiannguit,GL,2021-10-04 15:19:55,68.8193,-51.1922,30.45,84,20,3.11
348,Suntar,RU,2021-10-04 15:19:55,62.1444,117.6319,32.47,86,97,4.47
349,Tafalla,ES,2021-10-04 15:19:55,42.5269,-1.6745,67.15,37,11,12.26
350,Hazaribag,IN,2021-10-04 15:19:55,23.9833,85.35,74.71,83,8,1.05
351,San Quintin,MX,2021-10-04 15:19:56,30.4833,-115.95,71.08,69,94,3.91
352,Ibra,OM,2021-10-04 15:19:56,22.6906,58.5334,88.68,46,100,10.71
353,Barcelos,PT,2021-10-04 15:19:56,41.5388,-8.6151,69.85,63,48,7.74
354,Pokhara,NP,2021-10-04 15:19:57,28.2333,83.9833,68.23,88,3,5.14
355,Shiraz,IR,2021-10-04 15:15:46,29.6036,52.5388,81.84,17,0,13.8
356,Sabratah,LY,2021-10-04 15:19:57,32.7933,12.4885,86.11,46,0,16.02
357,Mareeba,AU,2021-10-04 15:16:08,-17.0,145.4333,72.32,94,36,1.5
358,Kavaratti,IN,2021-10-04 15:17:16,10.5669,72.642,82.36,82,73,9.57
359,Belaya Gora,RU,2021-10-04 15:19:58,68.5333,146.4167,19.17,86,69,4.94
360,Banikoara,BJ,2021-10-04 15:19:58,11.2985,2.4386,93.87,36,31,5.03
361,Araouane,ML,2021-10-04 15:19:58,18.9048,-3.5265,104.05,7,36,12.93
362,Zhigansk,RU,2021-10-04 15:19:59,66.7697,123.3711,25.95,79,98,3.04
363,Hualmay,PE,2021-10-04 15:19:59,-11.0964,-77.6139,66.04,70,52,10.04
364,Anadyr,RU,2021-10-04 15:19:59,64.75,177.4833,37.9,93,90,21.99
365,Saint-Augustin,CA,2021-10-04 15:20:00,51.226,-58.6502,46.49,59,100,11.86
366,Sorland,NO,2021-10-04 15:20:00,67.667,12.6934,55.47,75,62,31.23
367,Miramar,US,2021-10-04 15:15:42,25.9873,-80.2323,87.03,69,75,8.05
368,Isangel,VU,2021-10-04 15:20:01,-19.55,169.2667,75.45,93,8,5.53
369,Sawtell,AU,2021-10-04 15:20:01,-30.3833,153.1,65.19,72,1,5.75
370,Cabedelo,BR,2021-10-04 15:15:54,-6.9811,-34.8339,86.67,68,25,18.45
371,Ajaccio,FR,2021-10-04 15:17:03,42.0,8.9167,73.89,73,90,14.97
372,Agirish,RU,2021-10-04 15:20:01,61.9247,63.0231,31.95,71,93,4.16
373,Dicabisagan,PH,2021-10-04 15:20:02,17.0818,122.4157,78.93,91,100,6.29
374,Zvishavane,ZW,2021-10-04 15:20:04,-20.3267,30.0665,60.66,88,100,10.49
375,Karlsruhe,DE,2021-10-04 15:15:49,49.0047,8.3858,60.75,87,100,3.98
376,De Land,US,2021-10-04 15:15:23,29.0283,-81.3031,85.87,69,40,5.75
377,Alofi,NU,2021-10-04 15:20:04,-19.0595,-169.9187,73.29,88,55,9.22
378,Oranjestad,AW,2021-10-04 15:17:19,12.524,-70.027,89.55,58,20,27.63
379,Devils Lake,US,2021-10-04 15:20:05,48.1128,-98.8651,61.95,63,1,3.0
380,Urozhaynoye,RU,2021-10-04 15:20:05,44.7883,44.9228,48.02,86,100,17.52
381,Nyimba,ZM,2021-10-04 15:20:06,-14.5566,30.8149,86.58,36,93,4.74
382,Duobao,CN,2021-10-04 15:20:06,30.67,112.6895,82.11,67,13,6.71
383,Concordia,AR,2021-10-04 15:20:07,-31.393,-58.0209,66.27,46,20,8.99
384,Orotukan,RU,2021-10-04 15:20:07,62.2667,151.7,11.35,99,99,3.38
385,Vwawa,TZ,2021-10-04 15:20:07,-9.1167,32.9333,79.23,35,81,5.86
386,Norman Wells,CA,2021-10-04 15:20:08,65.282,-126.8329,32.04,100,90,19.57
387,North Branch,US,2021-10-04 15:20:08,45.5113,-92.9802,59.97,99,1,2.86
388,Leh,IN,2021-10-04 15:20:08,34.1667,77.5833,51.87,37,71,4.27
389,Son La,VN,2021-10-04 15:20:09,21.3167,103.9,68.59,92,3,2.71
390,Pangoa,PE,2021-10-04 15:20:09,-12.1167,-73.0,87.24,47,18,4.07
391,Rabo De Peixe,PT,2021-10-04 15:20:09,37.8,-25.5833,72.91,83,20,5.75
392,Chara,RU,2021-10-04 15:20:10,56.9064,118.2631,29.84,77,100,2.13
393,Mandalgovi,MN,2021-10-04 15:19:29,45.7625,106.2708,40.8,42,68,13.33
394,Verkh-Usugli,RU,2021-10-04 15:20:10,52.7,115.1667,32.47,97,98,2.44
395,Port Hedland,AU,2021-10-04 15:20:10,-20.3167,118.5667,68.05,88,0,9.22
396,Kailua,US,2021-10-04 15:20:11,21.4022,-157.7394,76.14,74,40,10.36
397,Comodoro Rivadavia,AR,2021-10-04 15:20:11,-45.8667,-67.5,58.86,36,0,11.5
398,Tocopilla,CL,2021-10-04 15:19:08,-22.092,-70.1979,64.8,66,10,7.83
399,Sikonge,TZ,2021-10-04 15:20:11,-5.6333,32.7667,81.01,43,100,4.9
400,Hannibal,US,2021-10-04 15:19:09,39.7084,-91.3585,67.01,77,1,6.91
401,Sunrise Manor,US,2021-10-04 15:20:12,36.2111,-115.0731,80.31,27,1,0.0
402,Aklavik,CA,2021-10-04 15:20:12,68.2191,-135.0107,34.63,90,100,8.01
403,Progreso,MX,2021-10-04 15:20:12,21.2833,-89.6667,86.11,69,65,5.99
404,Guiong,PH,2021-10-04 15:20:13,6.4186,122.0258,78.62,89,100,4.72
405,Turbat,PK,2021-10-04 15:20:13,26.0023,63.044,89.04,16,89,5.73
406,Ossora,RU,2021-10-04 15:20:13,59.2353,163.0719,39.54,82,100,21.23
407,Dhidhdhoo,MV,2021-10-04 15:16:06,6.8833,73.1,81.99,80,100,17.63
408,Zhezkazgan,KZ,2021-10-04 15:20:14,47.8043,67.7144,39.2,50,89,14.74
409,Northam,GB,2021-10-04 15:20:14,51.0333,-4.2167,60.3,90,100,14.45
410,Namwala,ZM,2021-10-04 15:20:15,-15.7504,26.4384,86.9,32,98,7.78
411,Goya,AR,2021-10-04 15:20:15,-29.14,-59.2626,71.46,22,0,7.85
412,Kuah,MY,2021-10-04 15:20:15,6.3265,99.8432,82.4,83,20,2.3
413,Gornyye Klyuchi,RU,2021-10-04 15:20:16,45.25,133.5,39.99,88,44,1.32
414,Adrar,MR,2021-10-04 15:19:02,20.5022,-10.0711,101.95,6,10,14.23
415,Preobrazheniye,RU,2021-10-04 15:20:16,42.9019,133.9064,52.93,75,100,7.47
416,Telemaco Borba,BR,2021-10-04 15:20:16,-24.3239,-50.6156,68.88,95,100,2.91
417,Doha,QA,2021-10-04 15:15:29,25.2867,51.5333,91.71,58,0,5.75
418,Kajaani,FI,2021-10-04 15:20:17,64.2273,27.7285,53.65,62,0,16.11
419,Kurumkan,RU,2021-10-04 15:20:17,54.3,110.3,33.89,81,66,3.67
420,Singaraja,ID,2021-10-04 15:20:17,-8.112,115.0882,77.97,79,10,5.75
421,Broken Hill,AU,2021-10-04 15:20:18,-31.95,141.4333,51.31,70,0,14.99
422,Pelotas,BR,2021-10-04 15:20:18,-31.7719,-52.3425,64.42,55,20,7.0
423,Kralovice,CZ,2021-10-04 15:20:19,49.9819,13.4875,67.21,76,71,12.08
424,Ziyang,CN,2021-10-04 15:20:19,29.2497,117.8547,72.37,67,0,4.21
425,Hongjiang,CN,2021-10-04 15:20:19,27.11,109.9956,78.69,71,20,2.93
426,Maldonado,UY,2021-10-04 15:20:20,-34.6667,-54.9167,60.19,47,2,11.99
427,Cayenne,GF,2021-10-04 15:20:20,4.9333,-52.3333,89.64,71,75,5.01
428,Maloy,NO,2021-10-04 15:20:20,61.9353,5.1136,57.06,79,30,29.46
429,Luzhou,CN,2021-10-04 15:20:21,28.8724,105.4405,73.15,80,86,8.9
430,Torbat-E Jam,IR,2021-10-04 15:20:21,35.244,60.6225,60.58,22,0,2.26
431,Ust-Tsilma,RU,2021-10-04 15:17:46,65.441,52.1498,43.74,91,51,7.27
432,Inirida,CO,2021-10-04 15:20:21,3.8653,-67.9239,89.47,58,49,3.18
433,Hohhot,CN,2021-10-04 15:20:22,40.8106,111.6522,46.69,57,40,8.95
434,Pakxe,LA,2021-10-04 15:20:22,15.1167,105.7833,77.38,86,100,2.98
435,Tshikapa,CD,2021-10-04 15:20:24,-6.4167,20.8,88.68,46,99,0.94
436,Khandyga,RU,2021-10-04 15:20:24,62.6667,135.6,26.74,85,19,2.46
437,Nishihara,JP,2021-10-04 15:20:24,26.1842,127.7558,79.88,75,20,8.05
438,Eureka,US,2021-10-04 15:15:53,40.8021,-124.1637,50.25,95,15,1.34
439,Bodden Town,KY,2021-10-04 15:20:25,19.2833,-81.25,88.0,74,40,5.01
440,Tabou,CI,2021-10-04 15:20:25,4.423,-7.3528,81.64,75,31,8.21
441,Pacifica,US,2021-10-04 15:15:31,37.6138,-122.4869,72.68,69,20,0.0
442,Colares,PT,2021-10-04 15:20:26,38.7992,-9.4469,74.44,50,20,8.99
443,Kamina,CD,2021-10-04 15:20:26,-8.7386,24.9906,82.47,45,100,5.41
444,Mulheim-Karlich,DE,2021-10-04 15:17:04,50.3833,7.5,64.85,60,100,7.34
445,Ust-Kulom,RU,2021-10-04 15:20:26,61.6864,53.6902,32.79,76,15,3.2
446,Imeni Poliny Osipenko,RU,2021-10-04 15:20:27,52.4201,136.4853,34.07,53,38,1.63
447,Victoria,HK,2021-10-04 15:20:06,22.2855,114.1577,87.33,69,2,1.01
448,Kamenka,RU,2021-10-04 15:20:27,51.3223,42.7678,51.57,61,69,11.74
449,Raahe,FI,2021-10-04 15:20:27,64.6833,24.4833,57.29,86,100,20.78
450,Ahipara,NZ,2021-10-04 15:15:47,-35.1667,173.1667,57.47,97,38,4.05
451,Afsin,TR,2021-10-04 15:20:28,38.2477,36.914,61.11,25,2,11.18
452,Port Augusta,AU,2021-10-04 15:20:28,-32.5,137.7667,50.14,76,0,7.61
453,Kayerkan,RU,2021-10-04 15:20:28,69.3497,87.7602,29.26,95,100,15.1
454,Mapiripan,CO,2021-10-04 15:20:29,2.8892,-72.1256,87.1,62,62,7.47
455,Plettenberg Bay,ZA,2021-10-04 15:20:29,-34.0527,23.3716,56.97,70,34,5.91
456,Valentin Gomez Farias,MX,2021-10-04 15:20:29,28.2167,-106.5833,63.84,68,100,6.42
457,Monrovia,LR,2021-10-04 15:18:52,6.3005,-10.7969,82.35,75,42,8.93
458,Kovdor,RU,2021-10-04 15:20:30,67.5662,30.4758,50.58,65,99,17.76
459,Olafsvik,IS,2021-10-04 15:20:30,64.8945,-23.7142,41.38,61,94,16.73
460,Dalianwan,CN,2021-10-04 15:20:30,39.0286,121.695,64.72,67,40,4.47
461,Inuvik,CA,2021-10-04 15:15:48,68.3499,-133.7218,34.66,86,90,5.75
462,Zemio,CF,2021-10-04 15:20:31,5.0314,25.1361,80.73,70,69,3.94
463,San Jeronimo,PE,2021-10-04 15:20:31,-11.9472,-75.2829,60.8,42,23,1.07
464,Solwezi,ZM,2021-10-04 15:20:31,-12.1688,26.3894,77.29,47,100,2.33
465,Mahon,ES,2021-10-04 15:20:32,39.8885,4.2658,66.76,77,20,14.97
466,Bulgan,MN,2021-10-04 15:20:32,48.8125,103.5347,32.99,76,68,2.3
467,Kemijarvi,FI,2021-10-04 15:20:32,66.7131,27.4306,52.38,69,100,15.43
468,Bilibino,RU,2021-10-04 15:20:33,68.0546,166.4372,17.83,91,100,6.15
469,Mackay,AU,2021-10-04 15:20:33,-21.15,149.2,72.68,94,62,10.87
470,Kahului,US,2021-10-04 15:20:33,20.8947,-156.47,75.22,82,1,13.8
471,Zanjan,IR,2021-10-04 15:20:34,36.6736,48.4787,73.09,10,20,9.22
472,Aqtobe,KZ,2021-10-04 15:20:34,50.2797,57.2072,37.49,48,0,13.42
473,Mbanza-Ngungu,CD,2021-10-04 15:20:34,-5.25,14.8667,82.9,51,100,5.21
474,Cedar Rapids,US,2021-10-04 15:18:26,42.0083,-91.6441,65.86,85,90,3.0
475,Avera,US,2021-10-04 15:20:35,33.194,-82.5271,78.67,67,65,6.67
476,West Point,US,2021-10-04 15:20:35,33.6076,-88.6503,71.22,98,90,5.75
477,Sampit,ID,2021-10-04 15:20:35,-2.5333,112.95,73.65,97,100,1.01
478,Maniitsoq,GL,2021-10-04 15:18:17,65.4167,-52.9,38.16,55,72,4.65
479,Vardo,NO,2021-10-04 15:20:36,70.3705,31.1107,55.6,73,100,34.81
480,Pacific Grove,US,2021-10-04 15:15:55,36.6177,-121.9166,72.28,59,1,3.44
481,Ugoofaaru,MV,2021-10-04 15:20:36,5.6667,73.0,82.9,78,100,17.98
482,Myanaung,MM,2021-10-04 15:20:37,18.2833,95.3167,77.38,89,33,2.24
483,Belyy Yar,RU,2021-10-04 15:20:37,53.6039,91.3903,33.69,80,93,2.24
484,Kazanka,UA,2021-10-04 15:20:37,47.8462,32.8218,59.38,36,30,7.87
485,Kahramanmaras,TR,2021-10-04 15:20:38,38.0,37.0,66.83,26,11,7.83
486,Rio Grande,BR,2021-10-04 15:19:55,-32.035,-52.0986,64.51,53,0,13.27
487,Plavinas,LV,2021-10-04 15:20:38,56.6178,25.7255,56.1,58,92,10.98
488,Pangody,RU,2021-10-04 15:20:38,65.85,74.4859,32.56,78,100,13.8
489,Mnogovershinnyy,RU,2021-10-04 15:16:53,53.9353,139.9242,30.85,77,53,7.56
490,Santa Cruz,BO,2021-10-04 15:20:39,-17.8,-63.1667,63.86,59,90,18.41
491,Banda Aceh,ID,2021-10-04 15:20:39,5.5577,95.3222,80.53,80,66,12.01
492,Malm,NO,2021-10-04 15:20:39,64.0721,11.2172,64.24,59,1,11.83
493,Itoman,JP,2021-10-04 15:20:40,26.1247,127.6694,80.62,74,20,8.05
494,Orsha,BY,2021-10-04 15:20:40,54.5153,30.4053,55.62,66,1,8.81
495,Erenhot,CN,2021-10-04 15:20:40,43.6475,111.9767,48.42,41,66,6.8
496,Mayahi,NE,2021-10-04 15:20:41,13.9553,7.6712,99.73,14,0,7.83
497,Manta,EC,2021-10-04 15:20:41,-0.95,-80.7333,75.78,71,50,11.07
498,Namatanai,PG,2021-10-04 15:20:41,-3.6667,152.4333,79.29,83,100,4.21
499,Rovaniemi,FI,2021-10-04 15:20:42,66.5,25.7167,51.21,93,90,13.8
500,Moron,AR,2021-10-04 15:20:42,-34.6534,-58.6198,68.02,33,0,4.0
501,Kimberley,ZA,2021-10-04 15:20:42,-28.7323,24.7623,74.89,9,0,4.61
502,Haverstraw,US,2021-10-04 15:20:43,41.1976,-73.9646,71.91,96,100,1.01
503,Ewa Beach,US,2021-10-04 15:20:23,21.3156,-158.0072,76.08,75,40,5.99
504,Independence,US,2021-10-04 15:20:43,39.0911,-94.4155,71.1,58,1,1.99
505,Boyolangu,ID,2021-10-04 15:20:43,-8.1181,111.8935,73.9,88,69,3.89
506,Juba,SS,2021-10-04 15:20:44,4.8517,31.5825,84.69,57,84,1.57
507,Mount Gambier,AU,2021-10-04 15:16:39,-37.8333,140.7667,51.71,71,90,20.71
508,Douglas,US,2021-10-04 15:19:55,41.3,-96.167,66.85,67,1,1.01
509,San-Pedro,CI,2021-10-04 15:20:44,4.7485,-6.6363,81.99,74,33,8.57
510,Launceston,AU,2021-10-04 15:20:45,-41.45,147.1667,49.8,96,75,1.01
511,Batagay-Alyta,RU,2021-10-04 15:20:45,67.8006,130.4114,16.12,83,37,3.29
512,Villanueva De Cordoba,ES,2021-10-04 15:20:45,38.3228,-4.6287,64.13,24,9,8.63
513,Samoded,RU,2021-10-04 15:20:46,63.6083,40.5111,45.23,81,4,6.78
514,Broome,US,2021-10-04 15:20:46,42.2506,-75.833,69.19,81,75,0.0
515,San Francisco Del Mar,MX,2021-10-04 15:20:46,16.2333,-94.65,83.32,69,16,21.18
516,Zhangjiakou,CN,2021-10-04 15:20:46,40.81,114.8794,46.98,85,100,1.74
517,Pundaguitan,PH,2021-10-04 15:20:47,6.3711,126.1689,81.9,76,100,12.28
518,Taoudenni,ML,2021-10-04 15:20:47,22.6783,-3.9836,107.49,6,9,7.78
519,Baie-Comeau,CA,2021-10-04 15:18:35,49.2168,-68.1489,53.28,54,1,6.91
520,Lambarene,GA,2021-10-04 15:20:48,-0.7001,10.2406,89.62,66,75,4.38
521,Catalao,BR,2021-10-04 15:17:18,-18.1658,-47.9464,97.25,24,1,1.54
522,Murray Bridge,AU,2021-10-04 15:20:48,-35.1167,139.2667,56.95,76,12,11.1
523,Juybar,IR,2021-10-04 15:20:48,36.6412,52.9124,71.76,64,5,7.23
524,Mapiri,BO,2021-10-04 15:20:49,-15.25,-68.1667,79.66,79,17,2.04
525,Esperance,AU,2021-10-04 15:20:49,-33.8667,121.9,55.53,70,71,5.77
526,Sesimbra,PT,2021-10-04 15:20:49,38.4445,-9.1015,74.41,59,9,13.78
527,Benjamin Constant,BR,2021-10-04 15:20:50,-4.3831,-70.0311,86.13,78,0,3.44
528,Houston,US,2021-10-04 15:20:04,29.7633,-95.3633,81.3,69,1,4.0
529,Pingliang,CN,2021-10-04 15:20:50,35.5392,106.6861,46.92,91,100,10.33
530,Trelaze,FR,2021-10-04 15:20:50,47.45,-0.4667,68.32,63,75,4.0
531,Lalganj,IN,2021-10-04 15:20:51,25.8667,85.1833,76.95,77,27,4.38
532,Sabinas Hidalgo,MX,2021-10-04 15:20:51,26.5,-100.1667,79.54,65,88,2.66
533,Zverinogolovskoye,RU,2021-10-04 15:20:51,54.4586,64.8542,29.64,78,60,8.7
534,Moberly,US,2021-10-04 15:20:52,39.4184,-92.4382,66.58,75,1,5.75
535,Haines Junction,CA,2021-10-04 15:20:52,60.7522,-137.5108,30.15,93,93,2.3
536,Bolgatanga,GH,2021-10-04 15:20:52,10.7856,-0.8514,94.75,38,41,4.18
537,Shakawe,BW,2021-10-04 15:20:53,-18.3667,21.85,97.2,12,38,3.04
538,Gondanglegi,ID,2021-10-04 15:20:53,-7.7479,112.0132,75.2,83,97,12.24
539,Bandarbeyla,SO,2021-10-04 15:20:53,9.4942,50.8122,79.45,83,60,27.49
540,Bela,IN,2021-10-04 15:20:54,25.9333,81.9833,83.73,73,6,5.03
541,San Juan,AR,2021-10-04 15:16:20,-31.5375,-68.5364,66.72,12,0,6.67
542,Tambopata,PE,2021-10-04 15:20:54,-12.7333,-69.1833,85.89,66,75,6.91
543,Kichera,RU,2021-10-04 15:20:54,55.9375,110.0997,34.48,85,100,0.78
544,Viedma,AR,2021-10-04 15:20:55,-40.8135,-62.9967,62.67,32,0,12.37
545,Kardla,EE,2021-10-04 15:20:55,58.9978,22.7492,59.05,71,0,14.97
546,Grand-Santi,GF,2021-10-04 15:20:55,4.25,-54.3833,93.38,41,55,5.23
547,Pinhao,BR,2021-10-04 15:20:56,-25.6956,-51.6597,62.65,93,99,2.98
